date,prev_close,actual_close,pred_close_lightgbm,actual_return,pred_return_random_walk,pred_return_hist_mean,pred_return_momentum,pred_return_ridge,pred_return_lightgbm,equity_random_walk,equity_hist_mean,equity_momentum,equity_ridge,equity_lightgbm,equity_buy_hold
2026-01-02,3660.0,3640.0,3664.013294,-0.005479,0.0,0.000364,0.004656,0.003348,0.001096,1.0,0.993036,0.993036,0.993036,0.993036,0.993036
2026-01-05,3640.0,3630.0,3647.09358,-0.002751,0.0,0.000364,-0.005479,0.000364,0.001947,1.0,0.990307,0.990553,0.990307,0.990307,0.990307
2026-01-06,3630.0,3680.0,3646.630061,0.01368,0.0,0.000364,-0.002751,0.002444,0.004571,1.0,1.003948,0.990553,1.003948,1.003948,1.003948
2026-01-07,3680.0,3700.0,3685.871844,0.00542,0.0,0.000364,0.01368,0.000637,0.001594,1.0,1.009404,0.994451,1.009404,1.009404,1.009404
2026-01-08,3700.0,3710.0,3699.494914,0.002699,0.0,0.000364,0.00542,-0.00075,-0.000137,1.0,1.012132,0.997138,1.006881,1.006881,1.012132
2026-01-09,3710.0,3680.0,3716.738165,-0.008119,0.0,0.000364,0.002699,0.002303,0.001815,1.0,1.003948,0.989075,0.997229,0.997229,1.003948
2026-01-12,3680.0,3700.0,3675.535029,0.00542,0.0,0.000364,-0.008119,-0.000289,-0.001214,1.0,1.009404,0.986602,0.994735,0.994735,1.009404
2026-01-13,3700.0,3720.0,3700.776871,0.005391,0.0,0.000364,0.00542,0.003059,0.00021,1.0,1.01486,0.990456,0.99862,0.99862,1.01486
2026-01-14,3720.0,3720.0,3722.822372,0.0,0.0,0.000364,0.005391,-3.7e-05,0.000758,1.0,1.01486,0.990456,0.996124,0.99862,1.01486
2026-01-15,3720.0,3820.0,3723.633926,0.026527,0.0,0.000364,0.0,0.001375,0.000976,1.0,1.042142,0.987979,1.021407,1.025465,1.042142
2026-01-19,3820.0,3840.0,3825.210341,0.005222,0.0,0.000364,0.026527,0.002364,0.001363,1.0,1.047598,0.99167,1.026755,1.030834,1.047598
2026-01-20,3840.0,3850.0,3838.893557,0.002601,0.0,0.000364,0.005222,0.001382,-0.000288,1.0,1.050326,0.994253,1.029429,1.028257,1.050326
2026-01-21,3850.0,3820.0,3857.799212,-0.007823,0.0,0.000364,0.002601,0.001,0.002024,1.0,1.042142,0.986505,1.021407,1.018702,1.042142
2026-01-22,3820.0,3810.0,3804.91714,-0.002621,0.0,0.000364,-0.007823,-0.001132,-0.003956,1.0,1.039414,0.984039,1.018854,1.016155,1.039414
2026-01-23,3810.0,3850.0,3794.514916,0.010444,0.0,0.000364,-0.002621,-4.9e-05,-0.004073,1.0,1.050326,0.984039,1.018854,1.016155,1.050326
2026-01-26,3850.0,3850.0,3848.337455,0.0,0.0,0.000364,0.010444,-0.001878,-0.000432,1.0,1.050326,0.982563,1.018854,1.016155,1.050326
2026-01-27,3850.0,3820.0,3843.707197,-0.007823,0.0,0.000364,0.0,-0.002216,-0.001636,1.0,1.042142,0.980106,1.018854,1.016155,1.042142
2026-01-28,3820.0,3590.0,3827.828195,-0.062098,0.0,0.000364,-0.007823,3.8e-05,0.002047,1.0,0.979395,0.980106,0.955981,0.953449,0.979395
2026-01-29,3590.0,3780.0,3544.525152,0.051572,0.0,0.000364,-0.062098,-0.002787,-0.012748,1.0,1.031229,0.980106,0.953591,0.951065,1.031229
2026-01-30,3780.0,3810.0,3792.52341,0.007905,0.0,0.000364,0.051572,0.006406,0.003308,1.0,1.039414,0.986415,0.959729,0.957187,1.039414
2026-02-02,3810.0,3830.0,3780.586224,0.005236,0.0,0.000364,0.007905,-0.006951,-0.00775,1.0,1.04487,0.991593,0.957329,0.954794,1.04487
2026-02-03,3830.0,3800.0,3840.493381,-0.007864,0.0,0.000379,0.005236,0.003169,0.002736,1.0,1.036685,0.983826,0.948395,0.945883,1.036685
2026-02-04,3800.0,3870.0,3772.951526,0.018253,0.0,0.000379,-0.007864,-0.004473,-0.007143,1.0,1.055782,0.981366,0.946024,0.943518,1.055782
2026-02-05,3870.0,3850.0,3876.637437,-0.005181,0.0,0.000379,0.018253,0.000867,0.001714,1.0,1.050326,0.974823,0.939716,0.937227,1.050326
2026-02-06,3850.0,3780.0,3852.906534,-0.018349,0.0,0.000379,-0.005181,3.4e-05,0.000755,1.0,1.031229,0.972386,0.92263,0.920186,1.031229
2026-02-09,3780.0,3770.0,3781.83743,-0.002649,0.0,0.000379,-0.018349,0.00126,0.000486,1.0,1.028501,0.972386,0.920189,0.917752,1.028501
2026-02-10,3770.0,3780.0,3770.494899,0.002649,0.0,0.000379,-0.002649,0.000175,0.000131,1.0,1.031229,0.972386,0.92263,0.920186,1.031229
2026-02-11,3780.0,3800.0,3777.559947,0.005277,0.0,0.000379,0.002649,-0.001218,-0.000646,1.0,1.036685,0.976072,0.920323,0.917886,1.036685
2026-02-12,3800.0,3790.0,3807.405247,-0.002635,0.0,0.000379,0.005277,-0.001831,0.001947,1.0,1.033957,0.973503,0.920323,0.914094,1.033957
2026-02-13,3790.0,3780.0,3792.692637,-0.002642,0.0,0.000379,-0.002635,-0.002815,0.00071,1.0,1.031229,0.97107,0.920323,0.911682,1.031229
2026-02-18,3780.0,3830.0,3781.096832,0.013141,0.0,0.000379,-0.002642,-0.000348,0.00029,1.0,1.04487,0.97107,0.920323,0.923741,1.04487
2026-02-19,3830.0,3770.0,3840.362536,-0.01579,0.0,0.000379,0.013141,-7e-06,0.002702,1.0,1.028501,0.9544,0.920323,0.90927,1.028501
2026-02-20,3770.0,3840.0,3771.204438,0.018397,0.0,0.000379,-0.01579,0.000171,0.000319,1.0,1.047598,0.952014,0.936031,0.926153,1.047598
2026-02-23,3840.0,3900.0,3843.689927,0.015504,0.0,0.000379,0.018397,0.002419,0.00096,1.0,1.063967,0.965462,0.950656,0.940624,1.063967
2026-02-24,3900.0,3870.0,3900.886351,-0.007722,0.0,0.000379,0.015504,-0.001544,0.000227,1.0,1.055782,0.958035,0.94828,0.933388,1.055782
2026-02-25,3870.0,3970.0,3864.715493,0.025512,0.0,0.000379,-0.007722,0.001045,-0.001366,1.0,1.083063,0.95564,0.971361,0.931055,1.083063
2026-02-26,3970.0,3950.0,3969.712023,-0.005051,0.0,0.000379,0.025512,0.000914,-7.3e-05,1.0,1.077607,0.949392,0.966467,0.931055,1.077607
2026-02-27,3950.0,3910.0,3929.174477,-0.010178,0.0,0.000379,-0.005051,-0.004032,-0.005286,1.0,1.066695,0.947019,0.964051,0.931055,1.066695
2026-03-02,3910.0,3820.0,3922.71539,-0.023287,0.0,0.000379,-0.010178,0.001234,0.003247,1.0,1.042142,0.947019,0.940415,0.908227,1.042142
2026-03-03,3820.0,3770.0,3825.819471,-0.013175,0.0,0.000379,-0.023287,-0.002041,0.001522,1.0,1.028501,0.947019,0.938064,0.89634,1.028501
2026-03-04,3770.0,3690.0,3779.511015,-0.021449,0.0,0.000379,-0.013175,0.001914,0.00252,1.0,1.006676,0.947019,0.916751,0.877319,1.006676
2026-03-05,3690.0,3750.0,3682.978856,0.016129,0.0,0.000379,-0.021449,0.001068,-0.001905,1.0,1.023045,0.947019,0.931657,0.875126,1.023045
2026-03-06,3750.0,3670.0,3745.08819,-0.021564,0.0,0.000368,0.016129,0.001239,-0.001311,1.0,1.00122,0.925395,0.911782,0.875126,1.00122
2026-03-09,3670.0,3570.0,3662.543895,-0.027626,0.0,0.000368,-0.021564,-0.002394,-0.002034,1.0,0.973939,0.923082,0.909502,0.875126,0.973939
2026-03-10,3570.0,3560.0,3540.961154,-0.002805,0.0,0.000368,-0.027626,0.004187,-0.008167,1.0,0.971211,0.923082,0.905591,0.875126,0.971211
2026-03-11,3560.0,3580.0,3553.284705,0.005602,0.0,0.000368,-0.002805,0.003301,-0.001888,1.0,0.976667,0.923082,0.910678,0.875126,0.976667
2026-03-12,3580.0,3570.0,3567.334154,-0.002797,0.0,0.000368,0.005602,0.000359,-0.003544,1.0,0.973939,0.919118,0.908134,0.875126,0.973939
2026-03-13,3570.0,3510.0,3577.473064,-0.01695,0.0,0.000368,-0.002797,0.002837,0.002091,1.0,0.95757,0.916821,0.892871,0.859105,0.95757
2026-03-16,3510.0,3480.0,3527.270591,-0.008584,0.0,0.000368,-0.01695,0.002025,0.004908,1.0,0.949386,0.916821,0.88524,0.851762,0.949386
2026-03-17,3480.0,3480.0,3487.864238,0.0,0.0,0.000368,-0.008584,0.00275,0.002257,1.0,0.949386,0.916821,0.88524,0.851762,0.949386
2026-03-25,3480.0,3540.0,3485.555658,0.017094,0.0,0.000368,0.0,0.00533,0.001595,1.0,0.965754,0.916821,0.900503,0.866448,0.965754
2026-03-26,3540.0,3490.0,3549.450648,-0.014225,0.0,0.000368,0.017094,0.002756,0.002666,1.0,0.952114,0.902496,0.887784,0.85421,0.952114
2026-03-27,3490.0,3420.0,3518.470815,-0.020261,0.0,0.000368,-0.014225,0.000631,0.008125,1.0,0.933017,0.90024,0.869977,0.837077,0.933017
2026-03-30,3420.0,3360.0,3453.762559,-0.0177,0.0,0.000368,-0.020261,0.003494,0.009824,1.0,0.916648,0.90024,0.854715,0.822391,0.916648
2026-03-31,3360.0,3330.0,3393.750036,-0.008969,0.0,0.000368,-0.0177,0.002332,0.009995,1.0,0.908464,0.90024,0.847083,0.815048,0.908464
2026-04-01,3330.0,3350.0,3371.976321,0.005988,0.0,0.000368,-0.008969,0.005713,0.012527,1.0,0.91392,0.90024,0.852171,0.819944,0.91392
2026-04-02,3350.0,3320.0,3375.445203,-0.008996,0.0,0.000368,0.005988,0.005328,0.007567,1.0,0.905736,0.890828,0.844539,0.812601,0.905736
2026-04-06,3320.0,3310.0,3353.882767,-0.003017,0.0,0.000368,-0.008996,0.003319,0.010154,1.0,0.903008,0.8886,0.841996,0.810153,0.903008
2026-04-07,3310.0,3230.0,3336.682259,-0.024466,0.0,0.000368,-0.003017,0.00477,0.008029,1.0,0.881183,0.8886,0.821645,0.790573,0.881183
2026-04-08,3230.0,3340.0,3241.785912,0.033489,0.0,0.000368,-0.024466,0.002831,0.003642,1.0,0.911192,0.8886,0.849627,0.817496,0.911192
2026-04-09,3340.0,3280.0,3353.543474,-0.018127,0.0,0.000368,0.033489,0.007705,0.004047,1.0,0.894823,0.871305,0.834364,0.80281,0.894823
2026-04-10,3280.0,3390.0,3283.133029,0.032987,0.0,0.000368,-0.018127,-0.002586,0.000955,1.0,0.924833,0.869126,0.832278,0.829734,0.924833
2026-04-13,3390.0,3370.0,3412.127677,-0.005917,0.0,0.000368,0.032987,0.004648,0.006506,1.0,0.919376,0.862695,0.82612,0.824839,0.919376
2026-04-14,3370.0,3460.0,3362.002012,0.026356,0.0,0.000325,-0.005917,-0.004304,-0.002376,1.0,0.943929,0.860538,0.824054,0.822777,0.943929
2026-04-15,3460.0,3400.0,3484.691881,-0.017493,0.0,0.000325,0.026356,0.004983,0.007111,1.0,0.927561,0.844325,0.808528,0.807275,0.927561
2026-04-16,3400.0,3410.0,3395.636388,0.002937,0.0,0.000325,-0.017493,-0.002351,-0.001284,1.0,0.930289,0.842214,0.806507,0.805257,0.930289
2026-04-17,3410.0,3430.0,3392.858841,0.005848,0.0,0.000325,0.002937,0.001966,-0.005039,1.0,0.935745,0.845891,0.810028,0.805257,0.935745
2026-04-20,3430.0,3440.0,3411.46504,0.002911,0.0,0.000325,0.005848,-0.002811,-0.005418,1.0,0.938473,0.848357,0.808003,0.805257,0.938473
2026-04-21,3440.0,3270.0,3442.468305,0.011998,0.0,0.000325,0.002911,0.002631,0.000717,1.0,0.949801,0.858597,0.816544,0.813769,0.949801
2026-04-22,3270.0,3240.0,3277.570802,-0.009217,0.0,0.000325,0.011998,0.001506,0.002313,1.0,0.941087,0.85072,0.809052,0.806303,0.941087
2026-04-23,3240.0,3160.0,3242.258097,-0.025001,0.0,0.000325,-0.009217,0.000386,0.000697,1.0,0.917851,0.848593,0.789076,0.786394,0.917851
2026-04-24,3160.0,3070.0,3168.367689,-0.028894,0.0,0.000325,-0.025001,0.001379,0.002645,1.0,0.891709,0.848593,0.766602,0.763997,0.891709
2026-04-27,3070.0,3050.0,3058.268953,-0.006536,0.0,0.000325,-0.028894,0.001052,-0.003829,1.0,0.8859,0.848593,0.761608,0.762087,0.8859
2026-04-28,3050.0,3070.0,3062.775556,0.006536,0.0,0.000325,-0.006536,0.003372,0.00418,1.0,0.891709,0.848593,0.766602,0.765941,0.891709
2026-04-29,3070.0,3070.0,3064.93212,0.0,0.0,0.000325,0.006536,-0.000374,-0.001652,1.0,0.891709,0.84732,0.764686,0.764026,0.891709
2026-04-30,3070.0,2990.0,3075.78462,-0.026404,0.0,0.000325,0.0,-3.3e-05,0.001882,1.0,0.868472,0.845202,0.764686,0.742971,0.868472
2026-05-04,2990.0,3040.0,2982.256295,0.016584,0.0,0.000325,-0.026404,0.000793,-0.002593,1.0,0.882995,0.845202,0.776326,0.741113,0.882995
2026-05-05,3040.0,3150.0,3027.454687,0.035545,0.0,0.000325,0.016584,0.001215,-0.004135,1.0,0.914946,0.874517,0.804417,0.741113,0.914946
2026-05-06,3150.0,3160.0,3180.301803,0.00317,0.0,0.000325,0.035545,-0.000601,0.009574,1.0,0.917851,0.877293,0.802406,0.742354,0.917851
2026-05-07,3160.0,3310.0,3178.081402,0.046376,0.0,0.000325,0.00317,-0.001742,0.005706,1.0,0.961419,0.918937,0.802406,0.777593,0.961419
2026-05-08,3310.0,3260.0,3317.623362,-0.015221,0.0,0.000325,0.046376,0.001466,0.0023,1.0,0.946896,0.905056,0.789081,0.765846,0.946896
2026-05-11,3260.0,3200.0,3256.404944,-0.018576,0.0,0.000325,-0.015221,-0.004062,-0.001103,1.0,0.929469,0.902793,0.787108,0.763932,0.929469
2026-05-12,3200.0,3220.0,3223.505887,0.006231,0.0,0.000325,-0.018576,0.002919,0.007319,1.0,0.935278,0.902793,0.790847,0.767561,0.935278
2026-05-13,3220.0,3120.0,3219.05497,-0.031548,0.0,0.000325,0.006231,-0.003283,-0.000294,1.0,0.906232,0.873402,0.78887,0.765642,0.906232
2026-05-18,3120.0,3060.0,3098.868986,-0.019418,0.0,0.000317,-0.031548,-0.002673,-0.006796,1.0,0.888805,0.871218,0.78887,0.765642,0.888805
2026-05-19,3060.0,3040.0,3041.271547,-0.006557,0.0,0.000317,-0.019418,0.002265,-0.006139,1.0,0.882995,0.871218,0.782531,0.765642,0.882995
2026-05-20,3040.0,3040.0,3033.73628,0.0,0.0,0.000317,-0.006557,0.000832,-0.002063,1.0,0.882995,0.871218,0.782531,0.765642,0.882995
2026-05-21,3040.0,3020.0,3044.794228,-0.006601,0.0,0.000317,0.0,0.002216,0.001576,1.0,0.877186,0.871218,0.777382,0.759456,0.877186
2026-05-22,3020.0,3050.0,3017.055981,0.009885,0.0,0.000317,-0.006601,0.000697,-0.000975,1.0,0.8859,0.871218,0.785105,0.757557,0.8859
2026-05-25,3050.0,3170.0,3055.007392,0.03859,0.0,0.000317,0.009885,-0.000779,0.00164,1.0,0.920755,0.904189,0.783142,0.786227,0.920755
2026-05-26,3170.0,3070.0,3181.142029,-0.032054,0.0,0.000317,0.03859,0.002864,0.003509,1.0,0.891709,0.875666,0.757263,0.761425,0.891709
2026-05-29,3070.0,2950.0,3054.288852,-0.039872,0.0,0.000317,-0.032054,-0.002127,-0.005131,1.0,0.856854,0.873476,0.755369,0.759521,0.856854
2026-06-02,2950.0,3040.0,2976.052141,0.030052,0.0,0.000317,-0.039872,0.004147,0.008792,1.0,0.882995,0.873476,0.777281,0.781554,0.882995
2026-06-03,3040.0,2900.0,3043.740219,-0.047147,0.0,0.000317,0.030052,0.001053,0.00123,1.0,0.842331,0.83194,0.741486,0.745561,0.842331
2026-06-04,2900.0,2810.0,2888.810647,-0.031526,0.0,0.000317,-0.047147,-0.002739,-0.003866,1.0,0.81619,0.82986,0.739632,0.743697,0.81619
2026-06-05,2810.0,2740.0,2826.626492,-0.025227,0.0,0.000317,-0.031526,0.005009,0.005899,1.0,0.795858,0.82986,0.720097,0.724055,0.795858
2026-06-08,2740.0,2590.0,2733.403488,-0.0563,0.0,0.000317,-0.025227,-0.001567,-0.00241,1.0,0.752289,0.82986,0.718297,0.722245,0.752289
2026-06-09,2590.0,2790.0,2630.885058,0.074384,0.0,0.000317,-0.0563,0.004004,0.015662,1.0,0.810381,0.82986,0.772687,0.776934,0.810381
2026-06-10,2790.0,2880.0,2817.990499,0.031749,0.0,0.000317,0.074384,0.008244,0.009982,1.0,0.836522,0.855385,0.797612,0.801996,0.836522
2026-06-11,2880.0,2850.0,2873.558079,-0.010471,0.0,0.000317,0.031749,-0.005871,-0.002239,1.0,0.827808,0.846475,0.795618,0.799991,0.827808
2026-06-12,2850.0,2850.0,2878.967197,0.0,0.0,0.000317,-0.010471,0.001799,0.010113,1.0,0.827808,0.844359,0.794425,0.798791,0.827808
2026-06-15,2850.0,2990.0,2868.138583,0.047954,0.0,0.000317,0.0,-0.001642,0.006344,1.0,0.868472,0.844359,0.792439,0.83803,0.868472
2026-06-17,2990.0,3080.0,3037.169679,0.029656,0.0,0.000317,0.047954,0.003532,0.015653,1.0,0.894614,0.868508,0.815103,0.863255,0.894614
2026-06-18,3080.0,2960.0,3064.307028,-0.03974,0.0,0.000317,0.029656,-0.000935,-0.005108,1.0,0.859759,0.83467,0.813065,0.861097,0.859759
2026-06-19,2960.0,2930.0,2961.707661,-0.010187,0.0,0.000317,-0.03974,-0.003072,0.000577,1.0,0.851045,0.832583,0.813065,0.851078,0.851045
2026-06-22,2930.0,2870.0,2950.905277,-0.02069,0.0,0.000291,-0.010187,0.000875,0.00711,1.0,0.833617,0.832583,0.795195,0.833649,0.833617
2026-06-23,2870.0,2910.0,2907.325026,0.013841,0.0,0.000291,-0.02069,-0.002315,0.012921,1.0,0.845236,0.832583,0.793207,0.845268,0.845236
2026-06-24,2910.0,2810.0,2914.505229,-0.034969,0.0,0.000291,0.013841,0.001262,0.001547,1.0,0.81619,0.802723,0.76476,0.816221,0.81619
2026-06-25,2810.0,2850.0,2831.488897,0.014135,0.0,0.000291,-0.034969,-0.003999,0.007618,1.0,0.827808,0.800716,0.762848,0.82784,0.827808
2026-06-26,2850.0,2870.0,2839.333498,0.006993,0.0,0.000291,0.014135,0.003389,-0.00375,1.0,0.833617,0.805134,0.767057,0.82577,0.833617
2026-06-29,2870.0,2840.0,2875.839475,-0.010508,0.0,0.000291,0.006993,-0.007208,0.002033,1.0,0.824904,0.796718,0.765139,0.8159,0.824904
2026-06-30,2840.0,2730.0,2842.448517,-0.039502,0.0,0.000291,-0.010508,0.000768,0.000862,1.0,0.792953,0.794727,0.734356,0.784298,0.792953
2026-07-01,2730.0,2670.0,2714.826548,-0.022223,0.0,0.000291,-0.039502,-0.000517,-0.005574,1.0,0.775526,0.794727,0.73252,0.782338,0.775526
2026-07-02,2670.0,2690.0,2699.070275,0.007463,0.0,0.000291,-0.022223,0.003193,0.010829,1.0,0.781335,0.794727,0.736908,0.787024,0.781335
2026-07-03,2690.0,2710.0,2668.442815,0.007407,0.0,0.000291,0.007463,0.000825,-0.008046,1.0,0.787144,0.799443,0.742387,0.785057,0.787144
2026-07-06,2710.0,2790.0,2697.599379,0.029093,0.0,0.000291,0.007407,-7.4e-05,-0.004586,1.0,0.810381,0.823043,0.740531,0.785057,0.810381
2026-07-07,2790.0,2860.0,2789.387838,0.02478,0.0,0.000291,0.029093,0.000256,-0.000219,1.0,0.830713,0.843693,0.758,0.785057,0.830713
2026-07-08,2860.0,2790.0,2848.443034,-0.02478,0.0,0.000291,0.02478,-0.001185,-0.004049,1.0,0.810381,0.823043,0.756105,0.785057,0.810381
2026-07-09,2790.0,2780.0,2783.82232,-0.003591,0.0,0.000291,-0.02478,-0.001525,-0.002217,1.0,0.807476,0.820985,0.756105,0.785057,0.807476
2026-07-10,2780.0,2790.0,2784.982579,0.003591,0.0,0.000291,-0.003591,-0.000419,0.001791,1.0,0.810381,0.820985,0.756105,0.786703,0.810381
2026-07-13,2790.0,2870.0,2792.318018,0.02827,0.0,0.000291,0.003591,-0.003531,0.00083,1.0,0.833617,0.843295,0.756105,0.809261,0.833617
2026-07-14,2870.0,2800.0,2863.820596,-0.024693,0.0,0.000291,0.02827,0.000694,-0.002155,1.0,0.813285,0.822727,0.736529,0.807238,0.813285
2026-07-15,2800.0,2830.0,2794.903329,0.010657,0.0,0.000291,-0.024693,-0.002147,-0.001822,1.0,0.821999,0.82067,0.734688,0.807238,0.821999
2026-07-16,2830.0,2860.0,2833.748506,0.010545,0.0,0.000291,0.010657,0.002775,0.001324,1.0,0.830713,0.828138,0.741374,0.814584,0.830713
2026-07-17,2860.0,2970.0,2873.034586,0.03774,0.0,0.000291,0.010545,-0.004073,0.004547,1.0,0.862663,0.85999,0.739521,0.845914,0.862663
2026-07-20,2970.0,3020.0,2978.714024,0.016695,0.0,0.000291,0.03774,0.002249,0.00293,1.0,0.877186,0.874468,0.750861,0.860155,0.877186
2026-07-21,3020.0,3070.0,3005.897379,0.016421,0.0,0.0003,0.016695,-0.000397,-0.004681,1.0,0.891709,0.888946,0.748984,0.858005,0.891709
2026-07-22,3070.0,3020.0,3077.278062,-0.016421,0.0,0.0003,0.016421,0.000658,0.002368,1.0,0.877186,0.874468,0.735662,0.842744,0.877186
2026-07-23,3020.0,2990.0,3018.053929,-0.009983,0.0,0.0003,-0.016421,-0.002288,-0.000645,1.0,0.868472,0.872282,0.733823,0.840637,0.868472
2026-07-24,2990.0,2960.0,2989.774929,-0.010084,0.0,0.0003,-0.009983,0.001286,-7.5e-05,1.0,0.859759,0.872282,0.725359,0.840637,0.859759
2026-07-27,2960.0,2950.0,2958.138004,-0.003384,0.0,0.0003,-0.010084,-0.001264,-0.000629,1.0,0.856854,0.872282,0.723546,0.840637,0.856854
2026-07-28,2950.0,2930.0,2958.227144,-0.006803,0.0,0.0003,-0.003384,0.000385,0.002785,1.0,0.851045,0.872282,0.717555,0.833677,0.851045
2026-07-29,2930.0,2920.0,2932.732067,-0.003419,0.0,0.0003,-0.006803,0.000568,0.000932,1.0,0.84814,0.872282,0.715106,0.830831,0.84814
2026-07-30,2920.0,2990.0,2931.142959,0.02369,0.0,0.0003,-0.003419,0.000172,0.003809,1.0,0.868472,0.872282,0.732249,0.850749,0.868472
2026-07-31,2990.0,3040.0,2981.042649,0.016584,0.0,0.0003,0.02369,-0.000128,-0.003,1.0,0.882995,0.88556,0.730419,0.848622,0.882995
2026-08-03,3040.0,3020.0,3027.8852,-0.006601,0.0,0.0003,0.016584,-0.003119,-0.003993,1.0,0.877186,0.879734,0.730419,0.848622,0.877186
2026-08-04,3020.0,3060.0,3010.227349,0.013158,0.0,0.0003,-0.006601,-0.002323,-0.003241,1.0,0.888805,0.877535,0.730419,0.848622,0.888805
2026-08-05,3060.0,3020.0,3056.451163,-0.013158,0.0,0.0003,0.013158,-0.000125,-0.00116,1.0,0.877186,0.864747,0.730419,0.848622,0.877186
2026-08-06,3020.0,3040.0,3019.50606,0.006601,0.0,0.0003,-0.013158,-0.001354,-0.000164,1.0,0.882995,0.862585,0.730419,0.848622,0.882995
2026-08-07,3040.0,3130.0,3033.830614,0.029175,0.0,0.0003,0.006601,0.002342,-0.002031,1.0,0.909137,0.886829,0.750947,0.848622,0.909137
2026-08-10,3130.0,3090.0,3139.915566,-0.012862,0.0,0.0003,0.029175,-0.001181,0.003163,1.0,0.897518,0.875495,0.74907,0.836504,0.897518
2026-08-11,3090.0,3090.0,3092.560859,0.0,0.0,0.0003,-0.012862,0.000439,0.000828,1.0,0.897518,0.873306,0.747946,0.836504,0.897518
2026-08-12,3090.0,3130.0,3086.946611,0.012862,0.0,0.0003,0.0,0.000915,-0.000989,1.0,0.909137,0.873306,0.757628,0.834413,0.909137
2026-08-13,3130.0,3110.0,3136.482698,-0.00641,0.0,0.0003,0.012862,-0.003076,0.002069,1.0,0.903328,0.866416,0.755734,0.827829,0.903328
2026-08-14,3110.0,3120.0,3114.615172,0.00321,0.0,0.0003,-0.00641,-0.00186,0.001483,1.0,0.906232,0.86425,0.755734,0.830491,0.906232
2026-08-18,3120.0,3080.0,3114.169919,-0.012903,0.0,0.0003,0.00321,-8.8e-05,-0.00187,1.0,0.894614,0.851874,0.755734,0.828415,0.894614
2026-08-19,3080.0,3080.0,3085.215188,0.0,0.0,0.0003,-0.012903,0.000621,0.001692,1.0,0.894614,0.849744,0.754601,0.827172,0.894614
2026-08-20,3080.0,3140.0,3080.376936,0.019293,0.0,0.000305,0.0,0.000256,0.000122,1.0,0.912041,0.849744,0.769301,0.843286,0.912041
2026-08-21,3140.0,3230.0,3136.254916,0.028259,0.0,0.000305,0.019293,-0.001648,-0.001193,1.0,0.938183,0.872825,0.767378,0.841178,0.938183
2026-08-24,3230.0,3180.0,3234.46607,-0.015601,0.0,0.000305,0.028259,0.000588,0.001382,1.0,0.92366,0.859314,0.754348,0.826895,0.92366
2026-08-26,3180.0,3130.0,3176.201118,-0.015848,0.0,0.000305,-0.015601,-0.001175,-0.001195,1.0,0.909137,0.857166,0.752462,0.824827,0.909137
2026-08-27,3130.0,3150.0,3137.160733,0.006369,0.0,0.000305,-0.015848,0.000724,0.002285,1.0,0.914946,0.857166,0.756141,0.828861,0.914946
2026-08-28,3150.0,3190.0,3150.859449,0.012618,0.0,0.000305,0.006369,-0.002338,0.000273,1.0,0.926564,0.866765,0.754251,0.839386,0.926564
2026-08-31,3190.0,3250.0,3184.021822,0.018634,0.0,0.000305,0.012618,-0.001506,-0.001876,1.0,0.943992,0.883067,0.754251,0.837287,0.943992
2026-09-01,3250.0,3380.0,3246.738778,0.039221,0.0,0.000305,0.018634,0.002008,-0.001004,1.0,0.981752,0.91839,0.783289,0.837287,0.981752
2026-09-02,3380.0,3390.0,3366.943446,0.002954,0.0,0.000305,0.039221,0.001267,-0.00387,1.0,0.984656,0.921107,0.785607,0.837287,0.984656
2026-09-03,3390.0,3410.0,3367.329938,0.005882,0.0,0.000305,0.002954,-0.003017,-0.00671,1.0,0.990465,0.926541,0.783643,0.837287,0.990465
2026-09-04,3410.0,3390.0,3416.471872,-0.005882,0.0,0.000305,0.005882,0.000887,0.001896,1.0,0.984656,0.921107,0.777871,0.831121,0.984656
2026-09-07,3390.0,3370.0,3380.409726,-0.005917,0.0,0.000305,-0.005882,-0.001633,-0.002833,1.0,0.978847,0.918804,0.775926,0.829043,0.978847
2026-09-08,3370.0,3410.0,3362.90231,0.0118,0.0,0.000305,-0.005917,0.000434,-0.002108,1.0,0.990465,0.918804,0.783972,0.829043,0.990465
2026-09-09,3410.0,3420.0,3399.840949,0.002928,0.0,0.000305,0.0118,0.000116,-0.002984,1.0,0.99337,0.920121,0.786271,0.829043,0.99337
2026-09-10,3420.0,3320.0,3404.965034,-0.029676,0.0,0.000305,0.002928,-0.002264,-0.004406,1.0,0.964324,0.893217,0.784306,0.829043,0.964324
2026-09-11,3320.0,3270.0,3314.486143,-0.015175,0.0,0.000305,-0.029676,-0.000558,-0.001662,1.0,0.949801,0.890983,0.784306,0.829043,0.949801
2026-09-14,3270.0,3400.0,3279.349165,0.038985,0.0,0.000305,-0.015175,0.000673,0.002855,1.0,0.987561,0.890983,0.81431,0.860758,0.987561
2026-09-15,3400.0,3320.0,3433.63619,-0.023811,0.0,0.000305,0.038985,0.002048,0.009844,1.0,0.964324,0.868683,0.795149,0.840505,0.964324
2026-09-16,3320.0,3330.0,3343.141009,0.003008,0.0,0.000305,-0.023811,-0.0027,0.006946,1.0,0.967229,0.866511,0.793162,0.843037,0.967229
2026-09-17,3330.0,3330.0,3341.081149,0.0,0.0,0.000305,0.003008,0.002469,0.003322,1.0,0.967229,0.865211,0.791972,0.843037,0.967229
2026-09-18,3330.0,3310.0,3315.629729,-0.006024,0.0,0.000305,0.0,-0.002887,-0.004325,1.0,0.961419,0.863048,0.789992,0.840929,0.961419
2026-09-21,3310.0,3300.0,3313.913395,-0.003026,0.0,0.000328,-0.006024,0.000174,0.001182,1.0,0.958515,0.863048,0.78642,0.837127,0.958515
2026-09-22,3300.0,3180.0,3303.02667,-0.037041,0.0,0.000328,-0.003026,-0.000946,0.000917,1.0,0.92366,0.863048,0.784454,0.806686,0.92366
2026-09-23,3180.0,3190.0,3149.141915,0.00314,0.0,0.000328,-0.037041,0.00054,-0.009751,1.0,0.926564,0.863048,0.785744,0.804669,0.926564
2026-09-24,3190.0,3140.0,3208.239128,-0.015798,0.0,0.000328,0.00314,0.003625,0.005701,1.0,0.912041,0.848226,0.773429,0.79085,0.912041
2026-09-25,3140.0,3150.0,3131.55361,0.00318,0.0,0.000328,-0.015798,-0.001282,-0.002694,1.0,0.914946,0.846106,0.771495,0.788873,0.914946
2026-09-28,3150.0,3140.0,3145.168455,-0.00318,0.0,0.000328,0.00318,5.7e-05,-0.001535,1.0,0.912041,0.84215,0.767889,0.788873,0.912041
2026-09-29,3140.0,3170.0,3123.033622,0.009509,0.0,0.000328,-0.00318,-0.000725,-0.005418,1.0,0.920755,0.840045,0.765969,0.788873,0.920755
2026-09-30,3170.0,3140.0,3181.502417,-0.009509,0.0,0.000328,0.009509,0.002996,0.003622,1.0,0.912041,0.830835,0.757571,0.780224,0.912041
